Seller ID,Category ID,Number of Services Purchased,Value of Services Purchased
53373,1,1,344
48712,9,1,229
19075,1,4,1084
112524,12,1,288
34941,6,2,547
66026,1,1,322
40484,1,1,319
14892,2,4,1194
66405,14,1,281
21372,4,2,793
31997,10,1,255
16903,2,4,1358
58263,1,1,371
53595,11,1,387
40059,9,1,263
53402,1,1,350
21319,14,2,790
43426,1,1,258
20164,9,1,216
66000,1,1,204
19052,9,3,634
93438,2,1,294
29740,1,2,468
1149,1,22,8094
4946,1,8,2181
499,1,50,15467
112976,9,1,364
74258,9,1,356
62608,1,1,325
4287,1,8,2069
15795,2,4,1252
90436,9,1,388
101720,9,1,392
2839,1,10,2775
89950,9,1,293
53593,4,1,300
7472,13,5,1851
12013,9,4,1477
18241,5,3,1053
16288,1,4,1048
2643,3,10,3007
65988,7,1,230
47544,9,1,335
78235,14,1,322
101755,14,1,340
101570,9,1,321
40274,14,1,213
2011,2,13,4863
32625,11,1,374
53241,4,1,319
40144,1,1,266
89971,1,1,227
90093,5,1,260
92247,6,1,309
31676,8,2,601
10906,2,4,970
101726,1,1,359
14819,4,4,1071
11207,5,2,794
2407,2,12,2712
24054,4,2,574
1874,4,14,2940
69216,1,1,384
78125,1,1,369
19084,1,4,808
14725,1,3,1059
101735,1,1,329
4940,5,8,2088
65948,3,1,257
90112,1,1,365
6339,2,7,1420
90163,5,1,383
3793,1,8,1969
93436,14,1,258
21329,1,2,441
66067,1,1,397
78119,4,1,244
32362,1,2,687
112690,5,1,283
40105,6,1,207
40251,1,1,235
16878,5,3,1072
32269,6,2,788
19109,1,3,730
18086,4,4,1367
101633,5,1,337
37596,1,2,480
16144,14,1,204
90103,1,1,392
90156,1,1,293
40476,1,1,400
101600,12,1,249
69966,1,1,327
19288,8,4,902
90181,1,1,218
295,4,86,19825
27472,4,1,349
26937,1,2,411
24118,9,2,549
4294,1,8,2106
78070,6,1,237
24126,4,2,647
11435,9,4,1576
40265,4,1,243
78058,9,1,257
15856,4,2,430
90189,14,1,262
34917,6,2,751
65938,7,1,390
53514,9,1,367
65977,14,1,378
8838,3,1,329
65954,5,1,202
40183,1,1,364
29784,1,2,654
46667,7,1,302
44496,9,1,250
90031,4,1,329
53318,9,1,380
66253,1,1,346
53450,9,1,278
5491,5,6,1971
29673,1,2,428
90033,2,1,290
21347,9,2,567
13687,1,4,1396
90320,1,1,326
12591,7,4,1553
78434,1,1,256
53219,9,1,354
40337,1,1,346
53335,14,1,343
78238,4,1,311
78239,9,1,350
101678,9,1,221
101651,9,1,272
113050,2,1,322
21185,6,1,219
24100,1,2,462
11439,3,4,1462
15982,9,3,726
37511,9,2,563
78136,1,1,400
40221,14,1,345
78131,4,1,248
2477,2,12,2888
16886,11,4,955
66128,7,1,232
6861,7,6,1420
53398,14,1,258
14803,2,4,1461
40046,9,1,362
36139,1,1,394
24105,1,2,751
35012,1,2,459
24047,2,2,432
113136,1,1,306
112530,9,1,277
19340,1,4,1159
40384,9,1,390
37523,5,2,476
19061,9,3,618
78355,4,1,223
17167,1,4,1267
112612,1,1,266
112415,9,1,281
1109,2,23,6474
40165,2,1,365
40207,9,1,315
21450,4,2,742
112520,4,1,369
40156,9,1,265
53376,14,1,203
101554,9,1,214
32217,3,2,403
1006,2,1,385
78395,9,1,250
10325,5,4,1180
16914,5,3,890
40248,1,1,277
112649,9,1,205
11972,3,4,1247
32222,5,2,501
90127,9,1,386
78363,9,1,358
90359,14,1,256
32034,9,1,257
4285,2,8,2107
78433,1,1,399
40143,5,1,213
101668,7,1,365
84780,12,1,292
113036,9,1,355
53261,9,1,210
40293,14,1,206
40254,3,1,375
78172,5,1,329
71888,5,1,323
1770,2,15,3898
53541,6,1,287
6071,7,7,2065
7168,7,6,1456
112653,9,1,371
101639,9,1,380
13685,9,3,990
2932,1,10,3778
40204,1,1,291
26934,1,2,625
40206,1,1,255
8510,14,5,1214
48816,1,1,363
34904,1,2,405
11433,1,4,1086
66166,1,1,325
19112,1,4,944
44494,11,1,325
469,1,54,16266
53188,5,1,330
66209,9,1,276
5361,9,7,1545
30189,14,2,561
90119,9,1,358
65881,1,1,366
700,6,37,12127
101533,1,1,221
15807,12,3,788
78077,9,1,368
40158,9,1,270
101702,5,1,310
90266,1,1,274
9504,7,5,1130
90124,1,1,380
35005,1,2,610
90044,1,1,371
40382,9,1,276
26316,1,1,385
24114,10,2,731
12605,1,4,1305
4723,9,1,297
4611,6,5,1138
101698,1,1,209
101937,9,1,374
13692,2,3,961
32276,1,2,731
101802,5,1,366
40440,14,1,371
53187,11,1,368
112905,14,1,342
89957,2,1,206
40175,9,1,212
12028,3,4,958
40268,14,1,363
92380,2,1,318
113187,9,1,235
101680,1,1,285
45797,9,1,369
53251,7,1,371
4948,10,8,1648
65903,9,1,347
85199,9,1,388
78135,9,1,333
14811,1,4,1345
7464,7,5,1263
112748,9,1,257
117031,1,1,252
113054,1,1,374
78085,5,1,355
101788,5,1,344
66121,9,1,226
90217,1,1,392
78134,1,1,356
71035,4,1,272
53243,7,1,209
11969,6,4,1230
101867,12,1,223
78248,5,1,323
53499,1,1,291
16620,9,1,376
8078,1,5,1943
40373,4,1,305
24132,5,2,502
65922,9,1,260
90008,14,1,334
17172,5,4,1291
101535,9,1,291
37501,7,2,560
2645,5,10,3915
66131,5,1,311
112443,9,1,334
24058,1,2,419
3996,1,8,2314
18917,2,2,687
53328,9,1,213
66234,1,1,379
37492,2,2,446
101738,5,1,378
3040,2,2,633
40299,14,1,355
101711,9,1,309
10882,1,4,983
90090,5,1,219
1339,3,20,6690
53440,1,1,386
78148,9,1,267
24121,1,2,456
66239,9,1,223
40074,8,1,370
101694,1,1,217
53198,9,1,319
40061,9,1,234
26925,5,2,798
101706,9,1,381
24188,1,2,797
2228,4,2,506
34890,1,2,766
101712,9,1,377
112666,9,1,310
21324,6,2,557
90260,9,1,342
112675,2,1,371
57286,9,1,320
53486,1,1,351
78431,7,1,225
21361,14,2,670
32215,6,2,488
66403,5,1,378
78229,1,1,307
101609,1,1,223
101538,3,1,400
53590,9,1,349
71877,9,1,336
69211,1,1,255
49587,5,1,279
113011,6,1,256
112992,10,1,208
26971,5,2,665
24106,9,2,558
90126,8,1,257
29685,1,2,744
112979,9,1,277
50701,1,1,251
78324,7,1,299
32226,1,2,458
101815,4,1,230
78268,9,1,380
10946,6,4,1337
10332,3,4,1310
101772,6,1,222
90136,1,1,269
15819,1,3,913
53273,11,1,385
101654,14,1,236
9148,11,5,1073
101742,1,1,397
37504,7,2,429
53517,8,1,392
90124,11,1,388
8314,9,1,266
69218,11,1,329
34958,3,2,783
101805,9,1,219
15977,1,4,861
17170,10,4,1088
65997,14,1,218
78282,9,1,388
78204,11,1,315
84777,9,1,372
35007,1,2,725
78438,5,1,287
112461,1,1,392
15928,13,1,302
112466,2,1,291
90035,9,1,303
112663,12,1,289
55385,5,1,322
24069,1,2,460
8818,1,5,1986
78284,3,1,322
78122,7,1,214
595,4,43,15877
21527,4,2,515
15783,1,3,976
40428,3,1,324
6068,10,7,1781
101611,10,1,357
32380,9,2,484
65958,1,1,324
8178,3,5,1908
29742,10,2,538
65934,9,1,271
14721,2,3,961
101732,1,1,266
26860,5,2,524
53475,9,1,242
2934,1,10,2444
3324,2,7,1434
78039,11,1,349
8172,1,5,1214
19073,4,3,775
34959,5,2,446
21339,2,2,756
7165,6,7,2667
40235,6,1,305
66042,5,1,205
78288,1,1,288
65897,4,1,248
90184,5,1,243
112488,1,1,346
47218,5,1,295
4173,11,8,3132
65963,4,1,246
3271,10,10,2412
26965,9,2,642
24124,1,2,463
78215,7,1,265
90190,1,1,341
53302,1,1,239
53380,1,1,246
37485,1,2,424
89987,9,1,370
12032,11,4,1412
86569,6,1,271
112457,1,1,311
14719,4,4,1393
53321,1,1,214
24116,9,2,657
40062,9,1,358
89944,1,1,271
40289,11,1,206
90101,9,1,315
60700,12,1,312
29753,5,2,638
89973,9,1,381
53189,9,1,363
32219,12,2,460
78129,2,1,384
112700,9,1,218
988,9,25,8312
65898,9,1,270
101622,4,1,271
32250,1,2,569
68659,5,1,293
40320,1,1,318
32418,13,2,732
90307,5,1,318
26899,9,2,476
101715,5,1,392
4613,9,8,1708
65892,3,1,258
112513,5,1,350
739,2,35,10866
6637,1,6,1430
28567,9,1,370
40047,4,1,399
101619,9,1,380
78178,1,1,334
5786,4,6,1299
34942,5,2,428
12040,9,4,1051
101606,2,1,340
66022,4,1,295
90129,9,1,206
13808,9,3,1082
65852,9,1,239
40366,9,1,241
13091,4,4,1504
40435,5,1,390
78171,9,1,220
78242,5,1,253
53260,3,1,221
78190,9,1,235
8768,1,5,1965
112486,9,1,301
78241,14,1,271
2276,9,11,2893
90206,1,1,334
78188,9,1,243
40104,1,1,225
21365,4,2,740
21363,6,2,727
549,3,46,15869
40339,12,1,249
68658,1,1,222
78073,1,1,306
34,1,508,161251
568,4,44,14700
53585,1,1,292
26946,5,2,729
112885,1,1,280
90082,14,1,383
35006,1,2,762
101648,1,1,219
90048,1,1,309
743,1,35,12802
65978,5,1,230
16398,9,1,380
112497,9,1,318
32367,9,2,447
62605,1,1,393
65946,1,1,213
2232,1,12,4676
4462,13,8,2000
23520,9,2,488
82524,5,1,229
78278,1,1,359
78049,9,1,282
76935,11,1,387
35832,9,1,323
112740,12,1,340
78383,1,1,269
34938,2,2,474
53389,1,1,232
40163,3,1,258
1307,2,20,4262
32268,8,2,557
90273,9,1,312
53395,1,1,276
112679,3,1,395
65973,1,1,323
29709,9,2,504
40121,5,1,340
65864,3,1,281
40179,9,1,340
47416,9,1,266
101604,10,1,376
101601,9,1,211
19300,1,4,1442
3390,1,10,3105
65921,1,1,216
20139,9,3,630
113047,1,1,329
21378,4,2,459
12872,14,2,450
32400,6,2,717
1006,9,25,8485
89951,4,1,331
10880,1,4,974
112447,9,1,344
78252,5,1,291
21386,9,2,595
84771,4,1,297
40138,1,1,288
21322,10,2,409
12595,3,1,326
90077,4,1,287
101670,2,1,294
21351,9,2,714
101734,9,1,215
40480,5,1,268
7774,1,5,1916
90271,9,1,239
3668,2,10,2837
11433,9,1,321
2137,5,13,5085
53358,1,1,261
101685,9,1,205
37526,12,2,786
101637,9,1,291
90123,9,1,352
66214,14,1,212
112957,5,1,283
89978,1,1,347
90047,1,1,361
19058,7,4,1446
101697,9,1,255
101939,9,1,379
24671,9,1,259
27023,1,2,456
78062,9,1,296
1196,1,20,7501
90171,12,1,375
78147,9,1,268
112469,1,1,344
78214,1,1,299
15089,7,2,423
65965,9,1,270
85192,1,1,374
82800,1,1,378
11449,1,4,1512
53421,1,1,392
29539,14,2,403
20190,5,3,879
116786,9,1,398
3324,11,4,1140
65925,11,1,295
21321,1,2,787
53339,1,1,393
89997,1,1,264
101799,5,1,289
36273,7,2,722
66224,9,1,234
29551,5,2,671
8518,5,5,1146
29565,6,1,367
19077,1,4,1416
2644,4,5,1587
29786,5,2,686
19056,7,4,1144
2521,10,10,2495
65968,9,1,383
40188,12,1,254
90264,9,1,316
5771,4,7,2232
40050,11,1,315
32951,3,2,500
32951,12,1,206
1983,2,14,4202
90064,4,1,227
13086,4,2,782
78127,2,1,347
53464,5,1,367
17130,5,3,1047
34944,4,2,593
14799,1,3,746
65986,9,1,382
78376,5,1,371
66003,1,1,398
85197,9,1,213
78110,1,1,386
101773,5,1,202
53425,9,1,247
18055,3,4,887
26933,5,2,474
37577,2,2,503
112918,1,1,320
1606,4,16,3706
10348,5,4,1174
40586,1,1,214
17122,8,4,1461
32246,5,2,588
47535,1,1,396
65862,1,1,257
3420,1,10,3583
53512,1,1,385
112941,1,1,307
78094,9,1,313
32415,5,2,741
40111,1,1,374
3895,5,8,2332
3324,8,10,3107
119968,9,1,267
47221,1,1,276
16606,10,4,856
94877,9,1,286
12595,6,4,994
32260,14,2,710
18413,4,1,321
29535,9,2,615
32228,4,2,545
18372,4,2,710
27615,11,2,528
56608,9,1,248
15966,1,4,1125
53279,1,1,284
90182,10,1,319
29531,1,2,499
40322,9,1,392
101687,9,1,279
23259,6,2,705
82815,9,1,397
15532,10,4,1515
113161,9,1,253
40261,11,1,212
22874,6,1,226
53432,7,1,292
78212,8,1,253
82527,2,1,241
15970,9,4,805
101659,1,1,257
78079,1,1,296
66164,11,1,205
40357,11,1,327
37516,1,2,519
29536,1,2,422
78128,9,1,282
101739,9,1,220
112506,5,1,293
14793,9,3,747
112694,1,1,273
113028,9,1,286
13658,3,4,1541
29687,6,2,498
6837,6,4,943
19298,1,3,999
101806,1,1,280
8084,6,5,1037
32303,5,2,412
65936,9,1,260
53340,9,1,236
44512,1,1,211
90185,9,1,226
89949,5,1,303
34931,1,2,778
28693,4,2,568
37576,9,1,284
101610,5,1,339
1044,2,25,5518
95422,11,1,258
34897,9,2,583
106481,7,1,353
33155,14,1,289
112526,9,1,369
53433,5,1,389
40216,9,1,207
53749,14,1,397
11453,5,4,1417
14826,11,3,702
34946,5,2,720
8838,7,5,1063
1059,2,24,7796
34954,9,2,683
6001,3,7,1949
37494,1,2,450
26862,1,2,783
112449,9,1,209
29728,5,2,403
101612,11,1,316
40502,9,1,368
16918,7,4,900
17126,1,4,913
8797,2,5,1454
60828,14,1,242
21405,1,2,427
66025,1,1,292
94878,9,1,266
29307,6,1,383
53233,9,1,356
101660,5,1,264
101804,1,1,276
37521,1,2,777
90062,2,1,336
78139,1,1,316
78202,9,1,369
40052,10,1,205
53387,4,1,343
113017,9,1,348
90157,9,1,338
53243,9,1,279
2277,13,12,4596
10323,3,4,1265
3904,1,8,1755
53237,11,1,228
66030,5,1,291
66167,9,1,376
13688,1,4,1549
29700,9,2,644
112441,9,1,369
53391,6,1,347
40051,1,1,327
1631,9,10,3936
2649,1,10,2073
113186,4,1,317
40309,6,1,341
78317,1,1,356
29671,2,2,444
24139,5,2,637
35723,9,1,322
53308,1,1,310
45490,5,1,275
3396,1,10,2823
2071,7,13,2904
47216,14,1,251
101626,1,1,245
90132,1,1,268
101615,1,1,391
29529,9,2,678
112477,1,1,385
40260,1,1,207
4611,2,8,2211
112451,1,1,211
2298,7,12,4413
40244,12,1,268
53754,12,1,379
65914,14,1,346
101740,9,1,240
40490,12,1,236
90322,9,1,371
65871,9,1,380
101575,12,1,255
29747,3,2,476
9501,1,5,1593
101688,1,1,307
40160,9,1,233
29499,1,2,432
78412,5,1,249
101730,1,1,257
37510,6,2,779
14803,7,1,326
18228,1,3,890
53520,1,1,292
40178,1,1,215
40276,1,1,356
112925,2,1,303
32241,9,2,620
53332,12,1,283
40498,5,1,376
66122,1,1,340
53341,1,1,318
26917,13,2,585
78245,4,1,210
18069,9,3,611
113190,4,1,214
66114,5,1,289
32435,1,2,491
40245,9,1,252
53436,5,1,322
40058,5,1,299
12593,9,4,838
26844,1,2,746
29693,1,2,610
21380,1,2,524
3507,10,10,3227
31725,2,1,304
51,1,403,141515
2817,10,10,2288
34914,9,2,547
5766,5,6,1493
32413,9,1,391
112437,9,1,348
113091,10,1,246
89974,9,1,227
78428,1,1,324
90316,9,1,387
793,2,32,7447
9861,9,4,803
90169,6,1,374
112417,1,1,335
73720,1,1,236
53539,4,1,369
66255,1,1,223
53239,14,1,241
101737,5,1,234
53447,14,1,295
40110,9,1,356
65876,9,1,210
78157,2,1,252
53322,9,1,332
39047,1,2,694
65962,9,1,355
101595,14,1,206
16006,5,3,1069
15968,7,4,913
26852,10,2,436
40205,1,1,241
18779,4,4,1537
66065,9,1,349
33072,11,2,442
53385,1,1,297
66243,1,1,291
84783,5,1,321
2210,9,5,1663
12720,2,4,1347
16947,12,1,227
89970,13,1,205
112928,7,1,214
94880,1,1,256
35009,11,2,452
117033,9,1,202
69225,1,1,374
53474,1,1,382
29691,12,2,798
78318,8,1,294
21431,11,2,488
90303,5,1,244
82804,9,1,316
90086,9,1,230
112990,9,1,205
6633,7,7,1571
112907,7,1,270
29782,5,2,783
65933,1,1,385
4608,1,8,2592
78365,1,1,270
18039,14,1,380
24113,1,2,513
40267,14,1,361
90355,7,1,317
44499,9,1,362
101764,9,1,301
90165,1,1,347
101787,9,1,299
90158,1,1,221
101801,13,1,376
40150,1,1,371
40482,12,1,302
61207,1,1,271
19086,1,4,1039
9848,2,4,1070
19304,10,3,714
11480,4,4,1342
66033,2,1,395
1356,9,1,243
90437,9,1,238
53744,1,1,361
27102,1,2,777
1697,2,16,5721
40070,5,1,219
113052,9,1,327
78273,1,1,351
20136,7,1,327
66401,12,1,250
101762,1,1,348
7468,7,5,1361
9155,5,5,1646
58276,9,1,262
24099,7,2,700
69960,1,1,313
26932,1,2,669
1217,2,20,4897
53207,1,1,227
78307,9,1,381
40067,12,1,347
113199,5,1,299
8342,14,4,977
10327,5,4,1346
53263,2,1,380
16899,14,3,947
90317,11,1,313
65904,9,1,206
569,4,44,14420
40318,9,1,220
113045,1,1,270
53192,5,1,223
112922,5,1,372
82813,9,1,368
66225,9,1,308
30973,7,1,345
123,4,191,54645
62598,12,1,313
66036,9,1,205
71884,1,1,289
1059,6,2,763
32282,1,2,556
12002,9,4,1489
978,7,4,1142
82811,9,1,306
78180,1,1,254
53243,2,1,392
53397,9,1,386
18232,9,3,1050
65919,9,1,287
53423,1,1,353
66228,1,1,265
101605,9,1,225
20161,1,4,1127
71873,9,1,206
5048,11,8,2492
101635,9,1,210
40312,9,1,294
29672,5,2,635
2843,7,10,3970
1128,1,23,5097
65882,9,1,203
7467,1,5,1548
53174,5,1,353
25494,4,2,748
117034,9,1,293
90121,5,1,349
71871,4,1,282
26854,9,2,700
90089,5,1,251
3137,7,10,2406
10902,5,4,950
26856,5,2,445
9491,4,5,1764
13674,1,4,1144
113157,5,1,208
89976,1,1,322
78116,1,1,267
21354,4,2,652
78107,1,1,260
40214,9,1,277
113042,14,1,333
117038,9,1,267
40084,13,1,343
112414,12,1,220
53350,1,1,278
113021,9,1,334
65956,10,1,359
286,1,90,34973
78251,1,1,245
51854,14,1,248
53515,9,1,378
101718,4,1,328
15793,13,4,1378
101621,9,1,264
21338,2,2,676
18047,1,3,1046
101679,10,1,281
4732,11,8,2980
66094,5,1,273
66134,14,1,391
112523,10,1,298
32301,1,2,617
112692,1,1,377
90037,5,1,255
53516,9,1,227
40177,1,1,372
40106,9,1,293
32239,2,2,433
101566,3,1,294
53255,9,1,400
13086,6,1,302
90304,9,1,280
32244,3,2,636
112496,9,1,336
16591,6,1,248
37498,4,2,483
66072,9,1,232
106955,9,1,389
7656,13,1,210
12392,1,4,1033
53745,1,1,395
4777,11,8,2112
29506,9,2,723
53177,9,1,307
32145,5,2,486
40190,5,1,248
21400,1,2,401
34941,9,1,326
71886,1,1,394
17454,14,3,1159
38712,14,1,339
59963,1,1,297
112616,1,1,252
6324,14,6,1211
37481,4,2,758
59144,1,1,346
9867,2,4,819
53370,5,1,231
78172,1,1,280
90109,9,1,352
7069,4,2,692
9855,3,4,1252
3324,6,4,1387
34926,10,2,671
40134,3,1,259
113022,5,1,344
29749,1,2,551
101658,12,1,275
13079,11,1,324
2012,3,13,3057
42565,14,1,326
66407,2,1,255
2343,1,12,4715
7165,2,1,206
37538,7,2,773
66017,9,1,316
26905,9,2,539
53277,1,1,234
78145,9,1,380
40153,9,1,329
21327,14,2,437
90080,5,1,304
8174,9,5,1492
105093,12,1,339
78439,9,1,304
66002,1,1,217
20164,5,3,703
40107,14,1,373
40442,9,1,276
29751,1,2,731
90060,9,1,355
8770,2,5,1742
89995,9,1,318
3669,9,10,2763
101650,4,1,373
101686,14,1,245
24094,1,2,772
71869,2,1,205
68663,1,1,283
66216,9,1,254
112794,9,1,372
113097,1,1,284
53501,2,1,247
78375,1,1,373
101653,1,1,306
112733,1,1,393
19287,1,3,1183
35010,5,2,506
65879,10,1,349
21337,1,2,639
69220,1,1,202
26870,7,2,458
66126,11,1,233
66177,5,1,345
113032,9,1,397
32374,7,2,452
15789,9,3,864
8766,7,2,640
26924,9,2,551
112930,9,1,359
78149,9,1,339
59153,5,1,280
24064,14,2,787
34880,13,1,256
40092,1,1,216
40297,7,1,295
47538,1,1,270
1936,9,13,5183
78320,5,1,295
28841,6,2,467
6635,6,7,2237
101596,1,1,249
53372,10,1,309
40181,1,1,211
26955,6,2,421
21355,1,2,721
101808,10,1,282
22165,9,2,673
33882,11,2,505
113099,1,1,362
32348,5,2,496
40161,9,1,318
1858,5,14,4190
53405,9,1,262
40119,9,1,237
39465,1,2,523
24085,5,2,670
3890,1,8,2864
20135,6,4,1087
40258,14,1,206
53503,9,1,204
40500,14,1,386
112927,1,1,279
101696,1,1,232
19332,3,4,893
65917,2,1,339
6296,13,1,336
40250,1,1,259
78441,9,1,271
53298,2,1,318
40470,5,1,275
69223,1,1,389
101671,9,1,246
101602,4,1,336
40329,9,1,231
90092,6,1,372
53367,5,1,296
82235,14,1,324
65974,1,1,361
10910,5,4,1048
90081,1,1,284
16949,2,4,801
17198,9,1,315
23259,11,2,470
110141,9,1,332
78385,5,1,348
37580,9,2,628
968,2,27,10324
93757,9,1,359
12008,4,4,1591
27086,9,1,216
53217,14,1,400
37831,9,1,320
53403,14,1,271
26918,1,2,685
65850,1,1,380
15964,9,3,920
32336,1,2,429
78304,9,1,317
29493,5,2,602
53296,5,1,232
11596,1,2,643
101608,14,1,258
3596,5,10,3771
112492,9,1,399
2234,3,12,3326
82543,1,1,243
2135,9,1,387
7472,2,5,1139
101770,5,1,332
2135,13,13,3611
5760,3,6,2369
21394,1,2,598
90354,1,1,369
24145,11,2,676
101652,14,1,358
21346,4,2,493
78033,9,1,235
40196,9,1,280
40068,9,1,397
26949,6,2,573
53492,6,1,277
12718,2,2,797
21449,1,2,586
40424,1,1,251
1598,3,16,4137
6931,1,6,2251
63449,4,1,221
53337,6,1,345
40442,12,1,392
1357,9,19,4342
112742,3,1,351
18234,5,4,1379
53378,1,1,327
65995,4,1,309
10936,5,4,1445
9498,9,5,1748
19297,10,3,763
40192,1,1,267
32291,5,2,606
112453,1,1,314
32269,1,1,257
1099,6,23,7232
90318,14,1,369
24102,3,2,516
34075,3,1,342
8123,8,4,1374
112903,9,1,298
10902,11,2,733
112455,5,1,334
78236,9,1,360
14703,2,3,1004
65975,5,1,248
12318,13,2,710
26949,7,2,588
65924,12,1,249
40136,1,1,362
34932,4,2,623
3792,2,8,2694
24091,11,2,665
69964,9,1,355
101564,9,1,291
113158,1,1,246
29502,12,2,767
24044,5,2,616
113168,10,1,234
105716,9,1,339
4016,6,8,2105
66028,2,1,208
65907,2,1,346
90222,9,1,351
66091,7,1,361
13655,1,4,1047
53267,9,1,261
117036,9,1,346
101750,9,1,364
17137,6,2,504
16040,9,1,264
13697,9,3,774
6334,1,7,2334
13663,11,4,1345
11744,9,1,270
53185,11,1,317
53323,9,1,343
26930,5,2,683
53320,6,1,360
29676,5,2,483
24128,2,2,410
53212,11,1,262
10328,6,4,827
13083,1,4,875
16908,1,4,1026
40431,13,1,377
119963,9,1,335
83359,9,1,215
101666,4,1,292
37562,1,2,432
40199,9,1,202
1309,4,20,7182
78127,11,1,400
112433,2,1,343
26907,5,1,207
112792,5,1,213
16903,12,2,545
113143,13,1,308
32484,1,2,675
78091,1,1,322
116791,1,1,362
53502,9,1,400
78314,5,1,348
11437,5,4,1227
78087,5,1,345
106483,1,1,362
10935,1,4,1060
101624,1,1,313
9855,12,1,331
21385,1,2,633
18052,1,4,1122
101862,5,1,233
78004,5,1,385
875,5,30,9931
40060,9,1,353
112502,1,1,335
40170,1,1,384
90026,9,1,268
101627,6,1,256
112673,2,1,283
101542,9,1,375
7457,2,7,2565
101580,9,1,314
101647,2,1,377
30189,9,1,322
113015,9,1,317
16910,4,4,1294
101724,14,1,307
90151,5,1,303
5490,6,1,312
93751,1,1,229
62603,5,1,307
53183,1,1,247
65872,9,1,221
78405,9,1,314
29497,14,2,736
34935,2,2,576
90134,9,1,208
90108,4,1,290
101582,9,1,293
78207,5,1,328
112479,1,1,264
53742,14,1,273
3894,7,8,2627
22007,1,2,519
65923,3,1,398
32258,5,2,504
34882,1,2,731
1713,3,16,6236
40159,3,1,294
53265,9,1,386
16905,5,3,1169
53507,1,1,400
69962,4,1,215
78227,9,1,338
9508,5,5,1555
40081,2,1,233
65952,2,1,325
37529,7,2,759
32411,7,2,494
112408,1,1,272
40386,2,1,305
29755,7,2,427
7069,3,1,300
112936,1,1,331
53443,1,1,316
53392,1,1,312
32376,10,2,548
101777,1,1,264
78211,10,1,270
53521,4,1,207
90309,2,1,203
799,3,32,6761
15629,5,3,1113
101557,9,1,294
8188,13,5,1984
17122,6,1,379
21314,5,2,463
112966,1,1,340
40112,5,1,350
4357,7,2,625
90253,4,1,209
112899,14,1,327
34945,6,2,701
78150,6,1,223
13745,7,4,1043
22960,8,2,561
12479,9,1,361
3138,1,10,3245
65955,7,1,298
32262,9,2,563
112410,9,1,211
40109,9,1,316
113138,9,1,318
37495,1,2,438
101693,9,1,272
101657,1,1,260
40076,1,1,296
61201,9,1,357
40141,1,1,286
89948,9,1,289
21316,1,2,446
40139,9,1,266
4055,11,5,1300
101643,1,1,268
82817,7,1,287
10900,1,4,1390
7801,4,5,1118
119961,14,1,344
17124,4,3,1056
78246,9,1,339
4265,7,8,2417
53585,2,1,328
21359,2,2,436
1609,5,16,4231
10135,9,1,249
26864,2,2,799
2608,11,10,2511
40065,2,1,279
40077,7,1,221
7778,7,5,1197
18209,9,3,916
105715,12,1,344
90186,5,1,327
53176,6,1,296
66220,9,1,262
101569,9,1,210
40472,9,1,341
90075,6,1,375
101641,14,1,327
101771,1,1,381
54482,1,1,397
1099,13,4,1274
29697,9,2,447
90068,2,1,329
37535,1,2,430
112988,1,1,292
26944,9,2,471
113198,2,1,242
78256,9,1,275
61211,3,1,315
78272,5,1,314
4462,9,1,322
8840,9,5,1301
40175,2,1,314
90308,8,1,222
53331,1,1,395
66026,8,1,259
78319,1,1,375
37593,1,2,624
15972,9,3,605
14362,4,4,1550
53587,9,1,252
12004,9,4,932
40203,1,1,236
247,1,104,23034
112459,5,1,358
66011,12,1,252
78015,1,1,216
47546,1,1,326
59146,4,1,389
113063,9,1,302
66031,9,1,295
40082,9,1,267
9852,1,4,1247
5219,1,8,2367
113095,1,1,267
20141,9,3,988
90106,9,1,319
65092,1,1,366
29668,5,2,554
90010,1,1,251
40180,14,1,337
53617,1,1,349
85826,14,1,358
53558,14,1,246
105705,2,1,358
40123,5,1,391
53347,9,1,377
90125,1,1,232
82540,4,1,218
101676,1,1,394
5760,6,2,639
40347,4,1,391
21377,9,2,582
71875,14,1,205
47542,9,1,361
66230,9,1,389
66083,14,1,317
40208,3,1,332
78173,1,1,337
112935,1,1,216
12595,2,1,296
1693,6,16,3227
90159,9,1,257
101703,9,1,322
66175,9,1,201
101656,1,1,291
101640,1,1,347
106485,1,1,348
1370,4,19,7256
89993,2,1,360
66213,9,1,261
90019,9,1,329
26970,9,2,668
17128,12,4,1084
12523,2,4,1255
23580,5,2,656
101818,1,1,236
113201,5,1,259
18043,9,3,885
10894,6,4,1572
66120,5,1,222
59015,1,1,220
26951,2,2,416
37559,1,2,502
29745,1,2,543
53342,9,1,392
69969,5,1,238
16947,2,4,1318
90066,9,1,359
2407,9,2,469
101774,1,1,220
13109,2,4,1548
90204,9,1,277
8088,2,5,1587
8943,4,1,368
14711,14,3,1150
112796,14,1,278
53285,1,1,293
34940,9,2,629
82538,12,1,235
13664,9,3,986
29567,1,2,630
113140,5,1,240
90211,1,1,333
34887,1,2,423
66040,9,1,328
66126,13,1,308
82531,13,1,400
33884,13,2,693
90356,7,1,368
549,6,27,9241
37491,7,2,428
76093,1,1,350
78175,9,1,241
11491,7,4,902
78232,9,1,368
19713,13,4,884
53592,9,1,359
28346,5,2,578
113088,1,1,296
65900,9,1,315
21343,1,2,643
61203,14,1,201
32840,9,1,208
32346,1,2,497
1099,8,2,796
27604,5,1,393
47225,5,1,396
9159,5,5,1856
7776,7,5,1067
112943,9,1,302
90017,5,1,210
53281,14,1,353
50896,14,1,250
32756,11,1,227
40288,5,1,215
3897,8,8,2360
40173,1,1,208
1099,5,4,1212
21356,1,2,418
40349,9,1,204
53404,14,1,338
65972,1,1,303
112482,9,1,320
65911,5,1,265
9867,14,1,318
26563,3,1,344
14729,5,4,848
112471,1,1,343
65950,5,1,352
1099,2,1,350
90276,9,1,365
40218,1,1,382
101684,9,1,289
58274,4,1,211
29856,5,2,782
78010,9,1,334
93746,1,1,221
53245,1,1,300
28121,9,1,277
112516,2,1,348
29744,1,2,786
44503,10,1,268
112920,9,1,265
12011,9,4,1537
113195,9,1,207
53488,9,1,375
68653,9,1,263
10956,5,4,1169
78051,1,1,214
26857,1,2,736
11430,7,4,1397
40055,14,1,227
53509,9,1,380
40157,1,1,282
101629,9,1,367
78082,9,1,201
21345,1,2,604
101691,5,1,234
82536,9,1,321
22277,9,1,250
29755,3,1,356
40333,9,1,247
78052,7,1,296
112916,1,1,344
90352,1,1,270
78060,4,1,298
89967,10,1,281
53209,9,1,362
32417,3,2,441
101618,5,1,312
53374,13,1,352
26907,6,2,625
3392,10,10,2332
21317,9,2,785
26966,14,2,674
18240,7,4,1401
44493,2,1,366
29683,9,2,667
101630,10,1,310
8842,11,5,1184
234,7,111,30412
62596,9,1,376
47214,9,1,254
40372,5,1,379
95423,6,1,350
34952,5,2,676
90098,9,1,211
116787,9,1,233
66242,3,1,360
90255,9,1,344
101559,1,1,398
53394,1,1,376
113013,9,1,299
78323,14,1,358
112651,9,1,324
21403,5,2,747
53294,9,1,254
90183,5,1,313
40496,13,1,381
112914,1,1,295
53760,1,1,334
14705,4,3,795
40246,1,1,308
29695,7,2,620
93759,1,1,393
78233,9,1,329
78006,2,1,312
78118,1,1,327
66252,1,1,326
112932,1,1,259
53314,1,1,387
32258,9,1,371
34928,14,2,533
105095,5,1,362
90433,14,1,330
95425,9,1,293
90139,12,1,252
29565,3,2,583
101751,3,1,208
37579,10,2,743
40182,5,1,354
12414,9,1,218
26875,5,2,660
78261,1,1,350
78114,1,1,276
21353,1,2,500
3072,3,10,2194
71665,3,1,367
101555,9,1,212
7756,2,5,1053
10406,1,4,943
13670,4,3,1113
14226,1,3,804
90215,1,1,253
29537,1,2,580
37489,9,2,688
3249,4,10,3169
78184,9,1,242
37483,9,2,465
21360,5,2,540
90105,9,1,306
40478,13,1,230
53364,5,1,333
32210,9,1,326
6335,4,7,2056
1000,1,25,8667
34878,1,2,626
20136,11,4,1153
101819,1,1,226
101613,9,1,255
53490,9,1,391
60356,14,1,253
570,1,44,16443
7752,5,5,1830
2350,13,12,4449
19295,4,4,806
24045,9,2,555
42927,7,1,204
66207,14,1,242
24165,4,2,555
40760,5,1,215
20153,3,4,1587
11443,7,4,1334
24087,1,2,587
53504,9,1,251
117041,9,1,362
7197,4,7,1428
90179,9,1,202
89959,9,1,208
16251,7,4,1536
24109,9,2,619
7828,5,5,1854
21369,9,2,495
26930,8,2,418
53334,9,1,340
65906,9,1,247
90204,12,1,367
40057,1,1,310
20152,1,4,1045
59142,1,1,333
112439,11,1,216
40146,5,1,278
32274,5,2,461
65993,2,1,217
9499,2,5,1347
10886,1,4,824
8190,5,5,1526
6097,5,6,1596
23007,5,2,470
14246,10,4,1547
32190,11,1,214
90209,1,1,209
3042,7,10,2809
40331,14,1,232
11424,4,4,1506
65887,7,1,305
112664,6,1,204
9488,1,5,1283
112881,3,1,206
8188,2,5,1374
26901,2,2,757
90131,1,1,282
65913,9,1,314
112510,11,1,289
53484,1,1,364
78266,12,1,342
65957,5,1,235
1356,5,19,6601
2747,9,10,3107
65944,9,1,377
1551,1,16,5451
90275,1,1,288
13732,9,3,661
53537,5,1,259
6631,5,7,1545
112963,1,1,359
78182,1,1,362
5240,4,2,582
1099,4,5,1183
28348,1,2,723
112997,5,1,268
24110,1,2,752
29521,12,2,583
101617,1,1,303
68655,8,1,220
69528,9,1,224
101729,3,1,361
90137,9,1,209
65998,9,1,290
1198,1,20,4664
78029,5,1,224
173,6,145,31862
78259,2,1,368
21401,14,2,722
1980,1,14,4926
40201,1,1,204
11447,11,4,1314
66205,5,1,207
32420,9,2,515
10884,6,4,864
106491,7,1,377
65878,9,1,337
24060,1,2,604
53615,9,1,303
90160,4,1,242
4611,11,8,2840
1133,1,22,4627
8690,5,1,282
21315,9,2,712
58282,1,1,260
90220,11,1,224
26529,9,2,538
32248,4,2,618
53283,9,1,286
82544,1,1,378
2074,1,13,4739
86898,13,1,357
40284,9,1,312
112953,9,1,319
32293,5,2,626
53758,5,1,358
24103,1,2,558
71880,9,1,244
112900,1,1,270
13665,1,3,922
13654,1,4,1183
65808,9,1,244
40210,5,1,371
7171,5,6,2005
113172,1,1,394
7476,3,5,1782
37488,6,2,600
78231,1,1,390
34930,5,2,492
45121,1,1,312
113086,9,1,236
12009,1,4,1302
3592,4,10,3060
40323,1,1,294
3324,7,7,2305
66414,7,1,375
18041,14,1,284
9847,3,4,955
108228,9,1,225
65961,9,1,263
78017,9,1,251
112495,9,1,319
26086,7,2,502
24130,5,2,738
3101,7,8,2128
16894,4,4,862
101625,5,1,227
4018,5,8,2545
53390,9,1,383
10323,14,1,400
53333,1,1,379
32284,1,2,768
78013,9,1,395
65895,9,1,388
21869,9,1,346
101614,6,1,299
40306,9,1,229
101786,8,1,270
112986,4,1,299
81244,4,1,382
112648,9,1,382
101573,9,1,237
6626,4,6,1255
30070,2,2,725
112738,9,1,341
101597,1,1,233
101941,9,1,223
66245,5,1,319
62100,9,1,338
66118,9,1,343
32951,6,1,303
40142,5,1,247
101791,9,1,359
53237,9,1,329
78174,5,1,315
113034,12,1,290
29495,5,2,635
24190,5,2,464
58265,5,1,282
112677,9,1,373
34948,9,1,323
2963,1,10,2279
40304,9,1,226
66069,5,1,219
6941,9,1,294
4606,5,8,2762
21375,1,2,605
38886,1,2,519
978,2,27,5570
58268,4,1,292
101532,4,1,319
53366,9,1,390
1660,4,16,6224
12517,4,4,1419
65999,9,1,298
53355,7,1,270
101779,9,1,368
40353,3,1,233
47540,9,1,384
65990,9,1,305
26903,4,2,549
6341,7,7,2633
21387,3,2,760
59151,9,1,323
6337,5,7,2720
15974,1,4,1350
8176,4,5,1807
40198,2,1,225
15866,9,1,287
53215,5,1,280
32237,9,2,620
112800,1,1,323
32450,9,2,797
5490,7,6,1320
37530,1,2,545
53253,9,1,308
53190,9,1,315
101727,12,1,393
18054,1,3,1058
53207,9,1,283
15781,5,4,1368
8834,4,5,1173
9856,5,4,1175
24081,1,2,784
66416,6,1,242
37505,9,2,738
21407,13,2,695
82542,9,1,255
37576,7,2,591
94884,12,1,335
101584,14,1,247
82802,1,1,270
66096,13,1,374
112973,9,1,349
90187,4,1,319
105087,14,1,266
13079,10,4,1486
65896,1,1,288
4610,3,8,2214
108235,5,1,251
112508,9,1,398
8082,5,5,1235
65980,9,1,389
17118,9,3,754
101754,9,1,238
66402,9,1,271
90213,9,1,286
15777,3,4,1523
29489,1,2,646
40194,9,1,276
32289,9,2,669
78244,14,1,306
66123,10,1,371
2345,11,12,4058
112736,7,1,345
101682,2,1,382
26941,1,2,710
37565,9,2,717
90096,1,1,223
20174,1,4,871
59140,9,1,344
116797,6,1,255
82799,6,1,301
37578,1,2,450
66249,9,1,242
7163,1,6,1298
849,10,12,3065
65928,9,1,212
34937,1,2,601
78120,9,1,282
2014,9,12,3400
8830,9,5,1975
877,3,12,2715
26939,1,2,425
350,1,73,24413
29539,1,2,473
66112,1,1,317
11431,9,4,1080
40257,9,1,360
40285,9,1,393
35152,5,1,238
90180,10,1,278
101636,5,1,339
40254,4,1,325
53200,5,1,318
78141,1,1,242
78146,14,1,231
17176,3,4,1045
10401,10,4,1327
26927,14,2,733
62601,10,1,346
8462,1,1,326
112686,14,1,334
101768,1,1,265
32235,5,2,544
108233,3,1,290
199,1,125,26458
112412,9,1,325
47223,9,1,350
34947,1,2,720
21334,1,2,502
78253,14,1,307
3798,2,8,2057
66211,1,1,240
66038,8,1,369
112961,9,1,302
29707,2,2,624
101668,11,1,215
47035,9,1,315
10206,11,1,347
90312,9,1,336
18058,7,4,811
37484,5,2,582
40278,9,1,398
625,2,40,13256
40115,6,1,366
24107,1,2,670
5762,1,6,1938
90095,7,1,216
24122,9,2,427
24056,1,2,588
46713,11,1,306
18050,6,4,1210
117029,9,1,236
16903,6,4,1419
53196,4,1,388
78237,14,1,288
13675,6,3,1023
1120,3,23,6562
53463,9,1,261
29727,9,2,743
32402,5,2,535
112954,1,1,291
34880,3,2,574
24098,1,2,731
53752,5,1,333
22998,6,2,603
9492,2,5,1124
53288,9,1,378
16892,5,4,1067
101731,9,1,376
40053,1,1,328
40286,9,1,399
82526,1,1,319
78023,5,1,233
15775,4,3,868
2577,9,6,1878
1401,5,19,4040
53513,4,1,289
4464,4,8,1704
53511,9,1,318
37508,1,2,431
53349,1,1,208
53343,1,1,355
29216,6,1,287
53306,9,1,309
53493,9,1,358
112618,9,1,320
113101,9,1,318
4484,5,8,2202
65929,1,1,294
108232,5,1,271
53235,1,1,212
78019,5,1,220
21342,1,2,609
71882,2,1,319
44498,9,1,276
53428,13,1,391
78359,2,1,340
52255,1,1,346
108224,7,1,385
2947,3,10,2772
13081,2,4,1017
21336,5,2,571
4919,7,8,1700
37520,9,2,732
105711,14,1,381
40069,1,1,203
40295,9,1,205
34939,9,2,525
880,1,29,11393
60600,7,1,328
29514,5,2,610
20143,1,4,1427
1297,1,20,7308
40233,9,1,366
53560,9,1,303
69764,9,1,380
47213,9,1,286
78156,5,1,371
40159,4,1,207
90128,1,1,277
1885,3,14,3214
66081,9,1,213
21367,7,2,783
78206,1,1,311
112528,9,1,212
65899,4,1,364
90313,9,1,223
26894,9,2,652
78260,4,1,206
78075,1,1,300
113025,10,1,395
53470,9,1,342
101716,2,1,308
112746,9,1,252
53319,3,1,205
69148,9,1,326
53445,2,1,259
24086,1,2,567
89945,7,1,329
85190,5,1,370
69967,3,1,210
112475,2,1,243
66129,9,1,266
8828,11,5,1354
112984,2,1,202
60542,14,1,249
103128,9,1,359
8766,4,5,1704
26926,5,2,483
112995,1,1,287
35001,5,2,778
116778,1,1,302
29512,1,2,625
37563,1,2,786
116783,5,1,321
101797,9,1,373
32220,5,2,783
26897,5,2,669
227,1,114,27763
18218,1,3,942
84776,1,1,322
1810,9,15,4413
112445,9,1,216
37554,12,2,479
34946,9,1,236
60788,9,1,270
112967,9,1,298
78041,9,1,232
24111,1,2,748
40247,1,1,257
66245,1,1,367
100112,1,1,304
17201,1,3,898
53459,1,1,369
101612,6,1,353
40444,9,1,345
17136,9,3,650
24071,2,2,462
53556,1,1,257
21341,1,2,725
112500,13,1,300
101775,9,1,373
40287,11,1,255
78275,5,1,218
20167,1,4,1200
32482,10,2,653
40223,1,1,311
105089,7,1,269
93750,1,1,329
32413,5,2,646
17456,6,2,611
6134,11,1,365
46667,4,1,240
101766,9,1,299
37568,1,2,684
53310,9,1,352
8992,3,2,628
40486,9,1,222
47229,9,1,361
78216,1,1,369
65930,1,1,249
65992,9,1,286
29571,1,2,638
40078,12,1,302
89961,1,1,261
58965,5,1,291
34957,1,2,650
58261,1,1,245
32389,12,2,513
1072,4,23,9001
116788,3,1,212
6073,3,7,2004
66015,6,1,281
6063,5,6,1837
14803,1,1,231
5488,1,7,1463
6088,1,7,1507
24104,1,2,791
66247,11,1,223
78137,1,1,367
12932,4,1,234
53430,5,1,400
94882,9,1,309
14813,9,3,958
50245,9,1,289
112965,9,1,391
34118,4,1,277
112878,1,1,300
62594,9,1,234
1305,4,20,6089
66257,4,1,206
24142,7,2,512
2708,1,10,3250
10938,1,4,1561
40314,4,1,273
112685,9,1,319
66238,1,1,254
90011,12,1,285
37486,9,2,536
58259,1,1,323
29491,10,2,781
66240,3,1,293
53393,7,1,306
40488,1,1,370
94886,9,1,296
78151,9,1,350
40291,9,1,301
66030,1,1,205
78213,2,1,249
23005,7,2,484
38351,1,1,227
2314,1,12,2679
78066,1,1,256
29702,5,2,554
24099,2,2,475
66077,2,1,219
40063,9,1,356
5371,4,8,2686
32269,2,1,313
3672,3,10,3442
101661,2,1,353
65976,14,1,389
40088,9,1,290
1572,9,3,920
90110,1,1,268
26919,1,2,703
78101,9,1,298
21383,1,2,596
24062,5,2,800
10933,9,4,1466
10954,5,4,1155
78436,1,1,285
65920,10,1,350
53429,10,1,302
66100,13,1,342
18048,2,4,909
90088,1,1,241
34919,1,2,402
7175,3,7,2441
53597,9,1,347
90091,9,1,301
26843,3,2,670
78390,1,1,264
5217,9,8,2996
40135,1,1,251
24108,9,2,597
23321,1,2,553
26908,3,1,275
37570,2,2,512
37519,14,2,553
2222,4,10,3725
66042,9,1,279
59138,9,1,396
41215,1,1,224
8820,11,5,1259
78098,9,1,318
101812,5,1,208
34948,1,2,471
34956,1,2,459
21352,1,2,589
40326,2,1,391
89989,3,1,211
61213,9,1,396
21415,5,1,320
106,1,233,61006
40494,9,1,308
89946,9,1,310
16892,9,1,371
69190,5,1,311
19290,1,3,1144
90315,5,1,219
112499,7,1,299
12516,7,4,1122
14801,14,3,1188
40439,5,1,261
40227,1,1,273
15985,1,4,1465
18039,6,3,722
78280,4,1,271
90310,5,1,361
40280,4,1,281
66004,9,1,211
37551,1,2,686
53554,14,1,242
101544,9,1,313
78370,9,1,280
40148,1,1,389
10892,13,4,1196
40133,9,1,316
65918,2,1,240
94874,9,1,323
40172,9,1,214
37570,9,1,358
19302,1,3,873
14727,9,3,845
4915,7,8,3028
33216,9,1,260
6933,7,6,1579
10898,5,4,1002
32391,14,2,518
40154,2,1,216
24083,7,2,753
90118,10,1,319
66005,9,1,242
3246,3,10,2176
113166,1,1,355
19060,3,4,1560
65949,9,1,384
8802,1,2,629
40168,9,1,356
32347,9,2,577
24134,5,2,548
53396,9,1,345
60987,5,1,301
53427,1,1,210
65927,9,1,384
29519,14,2,637
90305,9,1,291
34961,1,2,451
101728,9,1,317
21358,4,2,428
112909,13,1,374
40263,9,1,344
40440,1,1,321
65794,6,1,310
112974,9,1,283
24144,1,2,700
113037,5,1,259
66073,9,1,224
13671,1,3,903
21335,1,2,559
40054,9,1,242
13667,5,4,1400
68654,5,1,277
40117,1,1,373
78382,1,1,314
48634,6,1,334
40225,9,1,318
15979,1,3,653
101789,9,1,369
101803,1,1,286
26931,1,2,549
24082,5,2,724
10940,13,4,975
78003,1,1,227
53747,9,1,400
44502,1,1,204
20171,7,4,1581
90149,9,1,340
53750,4,1,389
1036,1,24,8226
78325,12,1,349
53431,9,1,386
53477,9,1,298
40474,9,1,277
65901,5,1,256
30695,12,1,392
1960,4,14,4947
101736,6,1,232
90438,5,1,249
21376,12,2,574
101721,1,1,269
56123,5,1,235
53472,10,1,387
24096,9,2,684
2305,5,11,3121
19293,4,4,1395
62822,9,1,329
66079,8,1,341
62606,9,1,328
112892,1,1,278
53326,5,1,284
40134,9,1,224
45113,1,1,364
116799,9,1,341
112512,1,1,287
8080,1,5,1655
66411,1,1,281
32269,7,1,271
14722,14,3,718
40125,5,1,287
793,6,5,1536
113155,1,1,289
90094,2,1,342
53382,9,1,352
65915,9,1,211
10568,7,4,1407
66117,11,1,219
53544,6,1,219
11491,4,2,466
53317,9,1,217
40551,9,1,304
90102,5,1,351
40375,9,1,389
21348,1,2,544
78321,3,1,386
713,4,36,8175
21374,4,2,522
37605,1,2,418
66001,9,1,368
53386,1,1,235
37499,5,2,728
78322,1,1,372
14797,7,3,1039
78033,14,1,258
44508,5,1,292
116789,10,1,327
40085,1,1,372
549,2,8,2905
53362,7,1,281
24099,13,1,395
116781,9,1,331
26968,12,2,436
65902,1,1,201
40255,1,1,337
101807,14,1,329
40551,1,1,340
66043,9,1,366
90099,9,1,299
9489,9,5,1119
14888,5,2,642
1114,1,23,7610
4911,10,8,3178
247,9,1,220
105709,1,1,226
90053,9,1,211
40213,5,1,225
47219,9,1,359
32410,9,2,549
1099,3,2,659
21318,7,2,527
53205,9,1,372
90257,5,1,225
22233,4,1,377
53523,12,1,389
12805,14,1,259
24107,14,1,252
21744,1,2,765
3994,5,8,3086
53399,9,1,321
40056,4,1,328
78112,3,1,298
23000,1,2,404
1675,1,15,5524
2227,2,12,3744
26871,4,2,443
112924,1,1,385
45119,9,1,374
112939,3,1,321
66089,1,1,203
65964,11,1,360
112799,9,1,213
3992,9,8,2301
101631,9,1,271
5363,5,8,2910
112518,6,1,329
40064,2,1,231
74946,1,1,289
66232,1,1,290
45115,1,1,326
12006,1,4,1044
112661,1,1,207
24073,4,2,784
40048,2,1,397
40064,4,1,321
10908,1,4,1571
101722,5,1,377
27948,7,2,480
112926,9,1,266
37566,9,2,410
65989,5,1,290
29527,9,2,453
29731,11,1,291
26929,1,2,745
14844,1,4,1344
20146,5,3,1039
16886,1,1,278
90069,14,1,323
88181,12,1,277
3889,4,8,1956
60096,5,1,227
65982,1,1,368
53479,5,1,312
9849,4,4,1581
106489,1,1,334
112672,9,1,232
112432,9,1,272
9537,5,5,1374
7466,5,5,1436
6863,7,7,1766
65971,5,1,257
34880,8,1,234
78140,12,1,209
78132,9,1,268
21447,5,2,470
34943,1,2,407
40066,5,1,300
5240,1,8,2013
34912,5,2,576
40151,5,1,226
78294,13,1,296
78210,5,1,272
78192,4,1,257
78402,9,1,363
19069,5,3,912
53258,9,1,257
113102,1,1,247
19067,3,4,1513
19334,5,3,968
78298,7,1,253
78249,4,1,326
90140,9,1,342
40492,9,1,244
9859,1,4,970
82806,1,1,400
400,1,63,23289
101695,9,1,371
29689,1,2,585
40137,1,1,338
90072,11,1,246
26877,1,2,724
9153,10,5,1128
21340,12,2,568
25494,7,1,205
18214,5,3,704
45123,1,1,226
15992,9,3,870
78224,10,1,337
45116,7,1,246
66242,9,1,213
112680,9,1,333
5240,9,2,483
40229,3,1,276
101553,11,1,215
65912,9,1,268
78316,5,1,391
32378,1,2,777
24101,2,2,466
12426,4,4,830
113067,5,1,254
89954,14,1,276
78130,1,1,262
78310,14,1,357
40345,9,1,398
101598,5,1,257
7464,2,4,1405
18215,1,3,915
12595,11,4,1132
34903,5,2,668
101642,1,1,318
101623,11,1,278
78326,1,1,355
29854,1,2,663
40079,12,1,246
68321,6,1,336
29670,5,2,649
112678,14,1,204
97937,6,1,261
78250,1,1,279
18041,2,4,935
65947,6,1,297
53518,1,1,322
113134,1,1,220
82529,9,1,317
65908,9,1,215
69207,4,1,299
40087,5,1,298
2228,7,12,3763
45118,5,1,356
9495,6,5,1852
90251,1,1,376
53365,9,1,297
15590,2,4,955
65953,5,1,262
9162,5,5,1646
65854,9,1,363
53300,7,1,356
90074,14,1,330
24084,4,2,712
113001,1,1,234
13669,9,3,615
101683,2,1,332
32418,6,2,536
89991,1,1,366
78168,9,1,398
36195,8,2,551
101725,1,1,257
10396,5,4,1214
19065,4,4,1564
14803,14,1,337
90302,6,1,283
28895,9,1,319
4856,9,1,354
37513,1,2,573
17174,3,4,1438
32394,9,2,782
58272,1,1,251
90085,5,1,375
101753,1,1,290
90314,9,1,201
66119,1,1,272
101681,1,1,214
94875,1,1,285
38888,9,2,657
25984,4,1,255
22178,8,1,229
19071,1,3,639
106492,14,1,302
53330,9,1,276
29504,12,2,500
1564,9,16,3973
53383,4,1,376
82809,1,1,249
78378,9,1,278
29738,4,2,475
6542,8,1,298
40202,9,1,248
101795,5,1,263
90172,5,1,359
3040,13,10,3974
78133,5,1,281
29699,8,2,438
4173,5,4,1165
5365,7,8,1820
53407,1,1,285
45114,2,1,224
78089,2,1,395
26967,8,2,636
101699,5,1,398
90324,9,1,277
20479,3,2,432
53497,1,1,289
101710,9,1,395
101869,8,1,323
32224,1,2,423
78276,5,1,289
30314,4,1,227
106486,9,1,336
5489,1,7,2255
112435,9,1,252
18222,9,3,1036
53434,9,1,225
53546,3,1,272
10346,10,4,1523
40176,9,1,247
53329,9,1,297
35399,4,2,621
32422,7,2,409
113153,9,1,361
53325,10,1,232
29585,2,1,392
34880,11,2,778
39193,1,1,361
53304,1,1,383
40169,14,1,263
8832,6,5,1155
53505,9,1,245
3792,14,1,378
37603,5,2,696
9157,3,5,1824
7754,1,5,1837
19082,1,3,1181
101649,5,1,361
112430,4,1,388
53466,9,1,225
112937,1,1,359
78143,1,1,306
26972,2,2,417
12603,1,4,1217
40113,9,1,231
43390,1,1,367
78064,9,1,272
65937,9,1,234
2133,2,12,2586
40292,9,1,236
13597,9,1,309
40359,9,1,343
40256,1,1,340
37557,1,2,453
13498,9,1,215
113192,1,1,268
40140,6,1,397
12589,1,4,865
101798,3,1,372
32350,1,2,412
1136,7,22,6247
65884,9,1,351
58280,4,1,367
53338,9,1,310
10888,4,4,1271
53400,9,1,272
40270,10,1,386
101700,9,1,293
53287,1,1,376
40252,5,1,379
21320,9,2,544
101864,5,1,254
78116,7,1,389
8512,2,5,1842
481,4,1,363
53384,5,1,289
40377,10,1,237
13677,5,3,703
112688,9,1,288
101674,9,1,313
15994,4,4,1061
101701,11,1,226
47548,1,1,255
90133,1,1,258
65951,6,1,228
47216,9,1,227
65932,9,1,267
17132,9,3,652
32398,1,2,638
65994,3,1,233
78240,9,1,319
7186,1,6,1232
65940,9,1,217
470,1,53,14783
19336,9,3,707
2401,2,12,4140
78290,9,1,349
82532,9,1,360
34921,1,2,733
82057,12,1,221
44500,9,1,323
40108,9,1,207
26908,6,2,479
23461,4,2,771
59157,6,1,347
2312,5,12,3143
18220,13,4,1040
13086,3,4,1238
29790,5,2,624
46938,2,1,263
34889,1,2,627
58270,5,1,229
59148,6,1,259
55828,1,1,391
2279,2,12,3857
4092,1,8,2487
20149,5,3,761
